seller_id,review_count,avg_sentiment,pct_negative,avg_review_score
6806dad1da97bfb5a9038eac6881f706,5,-0.98859041929245,100.0,4.0
b39d7fe263ef469605dbb32608aee0af,6,-0.9885474244753519,100.0,3.0
f7ccf836d21b2fb1de37564105216cc1,6,-0.9868648846944174,100.0,3.6666666666666665
718539d38d07dd351c76db862760e2e2,5,-0.9852063417434692,100.0,2.6
4e8dacf3d38f281ae26c3e0321d92d88,5,-0.9841033220291138,100.0,2.0
20d83f3ef0e6925fd74bfd59170babf7,5,-0.9838619232177734,100.0,2.6
4992e76a42cb3aad7a7047e0d3d7e729,6,-0.9822089970111847,100.0,1.8333333333333333
3bfad056cf05c00dabe2f895925d83b1,5,-0.9815726280212402,100.0,1.0
1554a68530182680ad5c8b042c3ab563,9,-0.9803595609135098,100.0,4.0
537eb890efff034a88679788b647c564,8,-0.9763723984360695,100.0,2.5
e62b2d6ac10570a035a30bafcf01d263,5,-0.9760610222816467,100.0,2.6
02c988090b766852e088c69d7fb3b551,5,-0.9759459495544434,100.0,5.0
5a93f3ab0ef4c84ed5e1b5dbf23978bc,5,-0.9746132731437683,100.0,5.0
f80edd2c5aaa505cc4b0a3b219abf4b8,5,-0.9741574048995971,100.0,3.8
70125af26c2d6d4ef401a1d02ae7701f,5,-0.97369544506073,100.0,4.6
5656537e588803a555b8eb41f07a944b,16,-0.9715409390628338,100.0,2.875
96493fab2fbb13a14d0c0e8772eef5c3,6,-0.9709911445776621,100.0,3.1666666666666665
5343d0649eca2a983820bfe93fc4d17e,5,-0.9706092119216919,100.0,1.0
a17f621c590ea0fab3d5d883e1630ec6,8,-0.970333643257618,100.0,3.625
99a25c39b28a74d1151c35c18d178292,6,-0.9696158170700073,100.0,5.0
e2aee0892199b1d92530e371abd825bf,5,-0.9675241708755493,100.0,2.4
95e03ca3d4146e4011985981aeb959b9,11,-0.9670490189032122,100.0,3.5454545454545454
2e1c9f22be269ef4643f826c9e650a52,7,-0.9664267386708941,100.0,3.5714285714285716
20cb7c2fde3e5bf10f0bbe7394e1c6a9,7,-0.9658152546201434,100.0,3.0
602044f2c16190c2c6e45eb35c2e21cb,8,-0.9618460088968277,100.0,2.5
d8cf3b6a2151949f930d0252b180ec42,11,-0.9586641354994341,100.0,1.7272727272727273
1dc2de47ee26a0a5b12dc14fd6dc0dea,5,-0.9541203856468201,100.0,4.6
bbad7e518d7af88a0897397ffdca1979,11,-0.9535477540709756,100.0,1.0
244c2f1bff6afe1f2eaf9bfe9b2aed38,5,-0.952045452594757,100.0,2.8
7ad32824caee82087b3e2e5f33b1bf32,8,-0.9496520683169365,100.0,2.5
1ce3ae5a399804d1a87e706f8a813c3e,6,-0.9457798103491465,100.0,3.5
11bfa66332777660bd0640ee84d47006,5,-0.9414659142494202,100.0,1.8
6f892e20a171e98efe17fdb971ff319b,5,-0.9393654704093933,100.0,2.0
229c3efbfb0ea2058de4ccdfbc3d784a,7,-0.938005839075361,100.0,2.2857142857142856
5bc55dbe2f12b6af6d83ed46023e0dc8,5,-0.9379596471786499,100.0,1.8
cbd996ad3c1b7dc71fd0e5f5df9087e2,6,-0.933238555987676,100.0,3.0
70a12e78e608ac31179aea7f8422044b,14,-0.9319360724517277,100.0,3.2857142857142856
fffd5413c0700ac820c7069d66d98c89,6,-0.9318779905637106,100.0,1.6666666666666667
0bae85eb84b9fb3bd773911e89288d54,9,-0.925977263185713,100.0,3.6666666666666665
dfa0c4c6229ab200a4a1336b4d7128ff,6,-0.9243836502234141,100.0,4.166666666666667
6d66611d7c44cc30ce351abc49a68421,7,-0.9232898354530334,100.0,3.142857142857143
48162d548f5b1b11b9d29d1e01f75a61,7,-0.9209325398717608,100.0,2.7142857142857144
af4a0e4cfe1d9c26b6712b1be25a72e5,5,-0.9198248386383057,100.0,2.6
974cf2cb8f4b7add98709c30df02fe10,5,-0.9193381071090698,100.0,4.6
d98eec89afa3380e14463da2aabaea72,8,-0.914168655872345,100.0,3.125
5a8e7d5003a1f221f9e1d6e411de7c23,9,-0.9032933447096083,100.0,3.2222222222222223
dd7ddc04e1b6c2c614352b383efe2d36,7,-0.9030284370694842,100.0,1.2857142857142858
7040e82f899a04d1b434b795a43b4617,10,-0.9017418801784516,100.0,2.7
00fc707aaaad2d31347cf883cd2dfe10,13,-0.8977201856099642,100.0,3.5384615384615383
70c27847eca8195c983ed7e798c56743,5,-0.8869488596916199,100.0,2.2
7c67e1448b00f6e969d365cea6b010ab,81,-0.8866244510368064,96.29629629629629,2.691358024691358
6a51fc556dab5f766ced6fbc860bc613,6,-0.8864818215370178,100.0,3.6666666666666665
94144541854e298c2d976cb893b81343,5,-0.8823767900466919,100.0,4.0
0bf0150d5b9d60d9cd2906003332f085,7,-0.8818913613046918,100.0,1.8571428571428572
f3b80352b986ab4d1057a4b724be19d0,5,-0.870296573638916,100.0,3.4
4d6d651bd7684af3fffabd5f08d12e5a,17,-0.8556070923805237,94.11764705882352,3.5294117647058822
5dceca129747e92ff8ef7a997dc4f8ca,19,-0.849190072009438,94.73684210526315,3.526315789473684
8a32e327fe2c1b3511609d81aaf9f042,14,-0.8460700809955597,92.85714285714286,3.857142857142857
d6b1ce66b035a475f00c017792ff9769,5,-0.8352342009544372,100.0,4.2
98dac6635aee4995d501a3972e047414,13,-0.833532099540417,92.3076923076923,3.923076923076923
c33847515fa6305ce6feb1e818569f13,8,-0.8263967335224152,100.0,3.5
7d76b645482be4a332374e8223836592,13,-0.8172995769060575,92.3076923076923,3.5384615384615383
88460e8ebdecbfecb5f9601833981930,13,-0.8115562338095444,92.3076923076923,2.3076923076923075
b76dba6c951ab00dc4edf0a1aa88037e,8,-0.8114288300275803,100.0,4.25
4e922959ae960d389249c378d1c939f5,21,-0.807553802217756,90.47619047619048,2.9047619047619047
9674754b5a0cb32b638cec001178f799,8,-0.8016439974308014,87.5,4.5
ce27a3cc3c8cc1ea79d11e561e9bebb6,10,-0.792915141582489,90.0,3.2
17ca9b9e9b9ef8fdb529001b49ebb50f,12,-0.7872503449519476,91.66666666666666,2.9166666666666665
813348c996469b40f2e028d5429d3495,11,-0.7835856730287726,90.9090909090909,3.1818181818181817
9c0e69c7bf2619675bbadf47b43f655a,14,-0.7787422367504665,92.85714285714286,3.0714285714285716
41b39e28db005d9731d9d485a83b4c38,13,-0.7761529500667865,92.3076923076923,4.153846153846154
1ca7077d890b907f89be8c954a02686a,9,-0.7711287538210551,88.88888888888889,1.5555555555555556
91f848e9f4be368f4318775aac733370,11,-0.7608637484637174,90.9090909090909,4.181818181818182
e26901d5ab434ce92fd9b5c256820a4e,10,-0.7584291577339173,90.0,4.4
83e197e95a1bbabc8c75e883ed016c47,9,-0.7554351819886101,88.88888888888889,4.555555555555555
5c243662ce92d84573bfaff24c3e3700,9,-0.7463289035691155,88.88888888888889,3.5555555555555554
04308b1ee57b6625f47df1d56f00eedf,8,-0.7461537048220634,87.5,3.625
c826c40d7b19f62a09e2d7c5e7295ee2,19,-0.7442002265076888,89.47368421052632,3.3684210526315788
59fb871bf6f4522a87ba567b42dafecf,10,-0.7438348591327667,90.0,4.3
f45122a9ab94eb4f3f8953578bc0c560,12,-0.7399683097998301,91.66666666666666,3.75
8160255418d5aaa7dbdc9f4c64ebda44,31,-0.7326580266798696,87.09677419354838,3.064516129032258
95f83f51203c626648c875dd41874c7f,7,-0.7319579294749669,85.71428571428571,3.142857142857143
609e1a9a6c2539919b8205cf7c4e6ff0,9,-0.731340659989251,88.88888888888889,3.888888888888889
0691148aee60ca47977c187804f935ae,6,-0.730149656534195,83.33333333333334,2.8333333333333335
391fc6631aebcf3004804e51b40bcf1e,30,-0.7289927244186402,86.66666666666667,3.2666666666666666
85d9eb9ddc5d00ca9336a2219c97bb13,17,-0.7226712282966165,88.23529411764706,3.8823529411764706
688756f717c462a206ad854c5027a64a,7,-0.7216254046985081,85.71428571428571,2.7142857142857144
30a2f535bb48308f991d0b9ad4a8c4bb,8,-0.7205670773983002,87.5,3.25
a49928bcdf77c55c6d6e05e09a9b4ca5,7,-0.7070486375263759,85.71428571428571,2.7142857142857144
a3e9a2c700480d9bb01fba070ba80a0e,8,-0.7061006799340248,87.5,4.875
3c7c4a49ec3c6550809089c6a2ca9370,14,-0.703549712896347,85.71428571428571,2.7142857142857144
001cca7ae9ae17fb1caed9dfb1094831,15,-0.6985230922698975,86.66666666666667,4.0
c9c7905cffc4ef9ff9f113554423e671,7,-0.6981758049556187,85.71428571428571,4.142857142857143
3be634553519fb6536a03e1358e9fdc7,7,-0.6957522630691528,85.71428571428571,2.7142857142857144
e9d99831abad74458942f21e16f33f92,8,-0.6911516040563583,87.5,3.75
e5a3438891c0bfdb9394643f95273d8e,12,-0.6885561794042587,83.33333333333334,3.6666666666666665
66922902710d126a0e7d26b0e3805106,7,-0.6827756336757115,85.71428571428571,4.428571428571429
897060da8b9a21f655304d50fd935913,21,-0.680996801171984,85.71428571428571,3.8095238095238093
fa1a9dec3a9940c072684a46728bf1fc,11,-0.6796859502792358,90.9090909090909,3.4545454545454546
dbb9b48c841a0e39e21f98e1a6b2ec3e,7,-0.6796223776681083,85.71428571428571,3.0
6973a06f484aacf400ece213dbf3d946,7,-0.6789741260664803,85.71428571428571,3.142857142857143
c31eff8334d6b3047ed34bebd4d62c36,7,-0.6787830335753304,85.71428571428571,3.0
3b15288545f8928d3e65a8f949a28291,6,-0.6772598326206207,83.33333333333334,4.333333333333333
522620dcb18a6b31cd7bdf73665113a9,9,-0.6746074159940084,88.88888888888889,2.4444444444444446
f680f85bee2d253556ac91be391d2c82,8,-0.6732738837599754,87.5,3.25
46dc3b2cc0980fb8ec44634e21d2718e,15,-0.6720884164174398,86.66666666666667,3.533333333333333
0adac9fbd9a2b63cccaac4f8756c1ca8,7,-0.6694028973579407,85.71428571428571,4.0
8e6d7754bc7e0f22c96d255ebda59eba,16,-0.6692830175161362,87.5,1.3125
f262cbc1c910c83959f849465454ddd3,7,-0.6664107697350639,85.71428571428571,2.4285714285714284
37515688008a7a40ac93e3b2e4ab203f,7,-0.6615352290017265,85.71428571428571,4.714285714285714
8f2ce03f928b567e3d56181ae20ae952,11,-0.6612522331151095,90.9090909090909,3.090909090909091
2eb70248d66e0e3ef83659f71b244378,21,-0.6594085068929763,85.71428571428571,2.8095238095238093
ce616e1913288884e7742faac9d981db,6,-0.6587043305238088,83.33333333333334,5.0
86ccac0b835037332a596a33b6949ee1,8,-0.6580209657549858,87.5,4.25
25c5c91f63607446a97b143d2d535d31,21,-0.6578938620431083,85.71428571428571,4.095238095238095
48436dade18ac8b2bce089ec2a041202,6,-0.6507983009020487,83.33333333333334,3.3333333333333335
f5a590cf36251cf1162ea35bef76fe84,9,-0.6498010953267416,88.88888888888889,3.2222222222222223
7008613ea464bad5cb9b83456e1e6a8f,13,-0.6489512645281278,84.61538461538461,3.6153846153846154
01fdefa7697d26ad920e9e0346d4bd1b,6,-0.6485336422920227,83.33333333333334,4.333333333333333
4371b634e0efc0e22b09b52907d9d469,6,-0.6481662293275198,83.33333333333334,4.333333333333333
0dd184061fb0eaa7ca37932c68ab91c5,7,-0.6481639231954303,85.71428571428571,2.4285714285714284
59b22a78efb79a4797979612b885db36,11,-0.6465036869049072,81.81818181818183,3.1818181818181817
213b25e6f54661939f11710a6fddb871,13,-0.6458527950140146,84.61538461538461,2.769230769230769
1a3df491d1c4f1589fc2b934ada68bf2,7,-0.6431751080921718,85.71428571428571,3.4285714285714284
a7f13822ceb966b076af67121f87b063,6,-0.6406132380167643,83.33333333333334,3.1666666666666665
dc4a0fc896dc34b0d5bfec8438291c80,25,-0.6394418931007385,84.0,2.96
f7720c4fa8e3aba4546301ab80ea1f1b,7,-0.6382503509521484,85.71428571428571,3.857142857142857
6cd68b3ed6d59aaa9fece558ad360c0a,8,-0.6382446959614754,87.5,4.875
951e8cef368f09bb3f3d03c00ca4702c,6,-0.6382270256678263,83.33333333333334,3.8333333333333335
d20b021d3efdf267a402c402a48ea64b,6,-0.6376541753609976,83.33333333333334,3.0
1336efc61c316ddf92c899eb817f7cae,5,-0.6364590167999268,80.0,2.2
710e3548e02bc1d2831dfc4f1b5b14d4,6,-0.6358135044574738,83.33333333333334,2.6666666666666665
a3a38f4affed601eb87a97788c949667,13,-0.6355675871555622,84.61538461538461,4.076923076923077
f457c46070d02cadd8a68551231220dd,11,-0.6344444047320973,81.81818181818183,2.6363636363636362
18a349e75d307f4b4cc646a691ed4216,11,-0.6312341852621599,81.81818181818183,2.8181818181818183
827f8f69dfa529c561901c4f2e0f332f,11,-0.6247965151613409,81.81818181818183,3.4545454545454546
da8622b14eb17ae2831f4ac5b9dab84a,81,-0.6210796509260013,83.9506172839506,3.5555555555555554
06a2c3af7b3aee5d69171b0e14f0ee87,23,-0.6180633461993673,82.6086956521739,3.6956521739130435
d91fb3b7d041e83b64a00a3edfb37e4f,35,-0.6176480412483215,82.85714285714286,3.4857142857142858
5f1dc28029d2c244352a68107ec2b542,5,-0.6120482087135315,80.0,4.8
b2479f944e1b90cf8a5de1bbfde284d6,11,-0.6096468622034247,81.81818181818183,1.7272727272727273
4c2b230173bb36f9b240f2b8ac11786e,24,-0.608052596449852,83.33333333333334,3.3333333333333335
54a1852d1b8f10312c55e906355666ee,14,-0.6059198081493378,85.71428571428571,4.214285714285714
fc906263ca5083d09dce42fe02247800,13,-0.605837303858537,84.61538461538461,4.384615384615385
8b28d096634035667e8263d57ba3368c,12,-0.6034807860851288,83.33333333333334,3.6666666666666665
520b493b57809f446cb0a233bb3e25c7,5,-0.6022925972938538,80.0,3.4
fa40cc5b934574b62717c68f3d678b6d,12,-0.600528359413147,83.33333333333334,4.166666666666667
2a1348e9addc1af5aaa619b1a3679d6b,5,-0.5994334697723389,80.0,1.8
d673a59aac7a70d8b01e6902bf090a11,7,-0.5985907401357379,85.71428571428571,3.2857142857142856
8444e55c1f13cd5c179851e5ca5ebd00,6,-0.5982181032498678,83.33333333333334,4.333333333333333
d94a40fd42351c259927028d163af842,6,-0.5975447297096252,83.33333333333334,4.166666666666667
4830e40640734fc1c52cd21127c341d4,17,-0.594719294239493,82.35294117647058,4.529411764705882
b33e7c55446eabf8fe1a42d037ac7d6d,5,-0.5917078971862793,80.0,3.4
4869f7a5dfa277a7dca6462dcf3b52b2,55,-0.58791175105355,81.81818181818183,3.727272727272727
de722cd6dad950a92b7d4f82673f8833,24,-0.5867927322785059,83.33333333333334,4.416666666666667
1b938a7ec6ac5061a66a3766e0e75f90,5,-0.5849294662475586,80.0,4.0
e9779976487b77c6d4ac45f75ec7afe9,47,-0.569101443950166,78.72340425531915,3.5106382978723403
c003204e1ab016dfa150abc119207b24,14,-0.5675779112747737,78.57142857142857,4.142857142857143
17a053fcb14bd219540cbde0df490be0,10,-0.5647838711738586,80.0,3.9
f4aba7c0bca51484c30ab7bdc34bcdd1,5,-0.5615816354751587,80.0,3.4
7dc8c42cc750eeafea6c85712ffee9bf,5,-0.5578363060951232,80.0,4.2
955fee9216a65b617aa5c0531780ce60,73,-0.5497800969097713,78.08219178082192,4.2465753424657535
0c8380b62e38e8a1e6adbeba7eb9688c,10,-0.5488368034362793,80.0,3.0
53243585a1d6dc2643021fd1853d8905,19,-0.5487547705048009,78.94736842105263,3.1578947368421053
ceaec5548eefc6e23e6607c5435102e7,10,-0.5482262015342713,80.0,3.2
1835b56ce799e6a4dc4eddc053f04066,28,-0.5455873502152306,78.57142857142857,2.7857142857142856
a1043bafd471dff536d0c462352beb48,40,-0.5373748347163201,80.0,3.975
8b321bb669392f5163d04c59e235e066,57,-0.5359687596036676,78.94736842105263,3.5789473684210527
dbc22125167c298ef99da25668e1011f,13,-0.5343266083643987,76.92307692307693,4.0
4a3ca9315b744ce9f8e9374361493884,134,-0.5339548080714781,78.35820895522389,3.6343283582089554
a416b6a846a11724393025641d4edd5e,10,-0.5302568316459656,80.0,3.4
ea8482cd71df3c1969d7b9473ff13abc,64,-0.5191995948553085,76.5625,3.734375
9b013e03b2ab786505a1d3b5c0756754,6,-0.517904669046402,83.33333333333334,2.6666666666666665
5cf13accae3222c70a9cac40818ae839,5,-0.5132541418075561,80.0,3.6
cd68562d3f44870c08922d380acae552,6,-0.5121351977189382,83.33333333333334,4.166666666666667
d1c281d3ae149232351cd8c8cc885f0d,12,-0.5116712301969528,75.0,3.5833333333333335
77530e9772f57a62c906e1c21538ab82,22,-0.5101088149981066,77.27272727272727,4.2727272727272725
edb1ef5e36e0c8cd84eb3c9b003e486d,9,-0.508754723601871,77.77777777777779,3.111111111111111
834f3294fba9f932f56edc879193f925,5,-0.5009516954421998,80.0,4.2
ccc4bbb5f32a6ab2b7066a4130f114e3,13,-0.5003419518470764,76.92307692307693,4.076923076923077
7d13fca15225358621be4086e1eb0964,22,-0.4915311471982436,77.27272727272727,3.909090909090909
cca3071e3e9bb7d12640c9fbe2301306,46,-0.4884420685146166,76.08695652173914,3.4130434782608696
6560211a19b47992c3666cc44a7e94c0,112,-0.4876654605780329,75.0,3.6339285714285716
d50d79cb34e38265a8649c383dcffd48,5,-0.47663447856903074,80.0,2.2
f7ba60f8c3f99e7ee4042fdef03b70c4,9,-0.4628569881121318,77.77777777777779,4.666666666666667
0241d4d5d36f10f80c644447315af0bd,12,-0.46076400578022003,75.0,4.0
5058e8c1e82653974541e83690655b4a,7,-0.4583170413970947,71.42857142857143,3.4285714285714284
9f505651f4a6abe901a56cdc21508025,12,-0.4524006148179372,75.0,3.3333333333333335
259f7b5e6e482c230e5bfaa670b6bb8f,11,-0.44669597257267346,72.72727272727273,4.545454545454546
2528513dd95219a6013d4d05176e391a,8,-0.44595587253570557,75.0,4.75
06e5eefc71ec47ae763c5c6f8db7064f,7,-0.4425797462463379,71.42857142857143,3.4285714285714284
c3cfdc648177fdbbbb35635a37472c53,10,-0.4380104422569275,70.0,4.2
1da3aeb70d7989d1e6d9b0e887f97c23,14,-0.4371956671987261,71.42857142857143,2.7857142857142856
d2374cbcbb3ca4ab1086534108cc3ab7,44,-0.43682613291523675,72.72727272727273,3.5454545454545454
febab0275244b9a49a623f0bd613ca2f,7,-0.4358320321355547,71.42857142857143,5.0
855668e0971d4dfd7bef1b6a4133b41b,18,-0.4351026482052273,72.22222222222221,2.5555555555555554
562fc2f2c2863ab7e79a9e4388a58a14,16,-0.43057921528816223,75.0,4.375
e9bc59e7b60fc3063eb2290deda4cced,14,-0.4276373471532549,71.42857142857143,3.4285714285714284
0509040ea3fe50071181bbc359eb7738,5,-0.4246936321258545,80.0,4.6
1025f0e2d44d7041d6cf58b6550e0bfa,97,-0.42417681217193604,73.19587628865979,3.0721649484536084
431af27f296bc6519d890aa5a05fdb11,7,-0.42380294629505705,71.42857142857143,4.142857142857143
cc419e0650a3c5ba77189a1882b7556a,110,-0.42065420367501,72.72727272727273,3.827272727272727
c3867b4666c7d76867627c2f7fb22e21,14,-0.42030198659215656,71.42857142857143,2.7857142857142856
004c9cd9d87a3c30c522c48c4fc07416,9,-0.41549858782026505,77.77777777777779,4.0
6a8b085f816a1f75f92dbac6eb545f8f,7,-0.41238328388759066,71.42857142857143,3.0
44073f8b7e41514de3b7815dd0237f4f,13,-0.41198227955744815,69.23076923076923,3.3846153846153846
b2ba3715d723d245138f291a6fe42594,14,-0.40763505016054424,71.42857142857143,4.071428571428571
1f50f920176fa81dab994f9023523100,127,-0.39767655753713893,71.65354330708661,3.6850393700787403
17e34d8224d27a541263c4c64b11a56b,14,-0.39410436153411865,71.42857142857143,2.5
620c87c171fb2a6dd6e8bb4dec959fc6,33,-0.3927805225054423,72.72727272727273,3.878787878787879
7299e27ed73d2ad986de7f7c77d919fa,13,-0.3782707957121042,69.23076923076923,3.923076923076923
289cdb325fb7e7f891c38608bf9e0962,6,-0.3748966058095296,66.66666666666666,4.833333333333333
7a67c85e85bb2ce8582c35f2203ad736,62,-0.3745944759538097,69.35483870967742,4.193548387096774
53e4c6e0f4312d4d2107a8c9cddf45cd,34,-0.37383771468611326,67.64705882352942,3.7058823529411766
8581055ce74af1daba164fdbd55a40de,24,-0.3702360466122627,70.83333333333334,4.166666666666667
ef506c96320abeedfb894c34db06f478,21,-0.3651481696537563,71.42857142857143,3.7142857142857144
f27e33c6d29b5138fa9967bcd445b6d5,6,-0.3639778296152751,66.66666666666666,4.166666666666667
128639473a139ac0f3e5f5ade55873a5,23,-0.36328313661658246,69.56521739130434,3.9565217391304346
16090f2ca825584b5a147ab24aa30c86,22,-0.36267187107693066,68.18181818181817,3.4545454545454546
0ea22c1cfbdc755f86b9b54b39c16043,13,-0.36156601630724394,69.23076923076923,4.0
b499c00f28f4b7069ff6550af8c1348a,7,-0.35618267740522114,71.42857142857143,4.142857142857143
12b9676b00f60f3b700e83af21824c0e,9,-0.3524186743630303,66.66666666666666,3.888888888888889
7e93a43ef30c4f03f38b393420bc753a,17,-0.3468123148469364,70.58823529411765,4.117647058823529
0db783cfcd3b73998abc6e10e59a102f,6,-0.34332937995592755,66.66666666666666,3.5
669ae81880e08f269a64487cfb287169,9,-0.3307613862885369,66.66666666666666,3.6666666666666665
eeb6de78f79159600292e314a77cbd18,6,-0.32142730553944904,66.66666666666666,4.0
1127b7f2594683f2510f1c2c834a486b,8,-0.30448605865240097,62.5,3.375
1900267e848ceeba8fa32d80c1a5f5a8,31,-0.2918675003513213,64.51612903225806,3.225806451612903
218d46b86c1881d022bce9c68a7d4b15,18,-0.2896694706545936,66.66666666666666,4.333333333333333
7142540dd4c91e2237acb7e911c4eba2,25,-0.2885694766044617,64.0,3.72
0df3984f9dfb3d49ac6366acbd3bbb85,6,-0.281336506207784,66.66666666666666,3.5
23d7c96d4a1160db1c726b248601b25a,6,-0.28066906332969666,66.66666666666666,4.0
3d871de0142ce09b7081e2b9d1733cb1,58,-0.27953265144907197,65.51724137931035,3.7413793103448274
1c68394e931a64f90ea236c5ea590300,14,-0.27800109130995615,64.28571428571429,3.2857142857142856
6edacfd9f9074789dad6d62ba7950b9c,9,-0.2768367462688022,66.66666666666666,4.333333333333333
9d5a9018aee56acb367ba9c3f05d1d6a,5,-0.27244062423706056,60.0,3.2
f8db351d8c4c4c22c6835c19a46f01b0,29,-0.265832440606479,62.06896551724138,4.103448275862069
87142160b41353c4e5fca2360caf6f92,17,-0.2594067840015187,64.70588235294117,4.647058823529412
7aa4334be125fcdd2ba64b3180029f14,10,-0.2592660069465637,60.0,4.2
7178f9f4dd81dcef02f62acdf8151e01,13,-0.25894551093761736,61.53846153846154,2.923076923076923
54965bbe3e4f07ae045b90b0b8541f52,8,-0.2570405527949333,62.5,2.625
e5a38146df062edaf55c38afa99e42dc,8,-0.25193652510643005,62.5,4.25
dd2bdf855a9172734fbc3744021ae9b9,5,-0.24569121599197388,60.0,3.0
0b90b6df587eb83608a64ea8b390cf07,11,-0.24546794999729504,63.63636363636363,2.8181818181818183
fe2032dab1a61af8794248c8196565c9,24,-0.2428790181875229,62.5,4.0
33a6f4b1e7cdc205511e76ba1b6e0186,7,-0.24286983694349015,57.14285714285714,4.857142857142857
b372ee768ed69e46ca8cdbd267aa7a38,6,-0.2416679859161377,66.66666666666666,4.5
2138ccb85b11a4ec1e37afbd1c8eda1f,21,-0.2380754834129697,61.904761904761905,3.761904761904762
2a261b5b644fa05f4f2700eb93544f2c,8,-0.23607655614614487,62.5,3.375
c70c1b0d8ca86052f45a432a38b73958,8,-0.2315530776977539,62.5,4.75
325f3178fb58e2a9778334621eecdbf9,5,-0.22343894243240356,60.0,2.6
92eb0f42c21942b6552362b9b114707d,15,-0.2150999943415324,60.0,4.133333333333334
bd23da7354813347129d751591d1a6e2,5,-0.2030315637588501,60.0,3.4
ea566164622c6b439516ab18062c42cd,5,-0.2003156542778015,60.0,3.2
8d956fec2e4337affcb520f56fd8cbfd,10,-0.19939264059066772,60.0,4.3
fa1c13f2614d7b5c4749cbc52fecda94,35,-0.18109487976346697,60.0,3.942857142857143
903037660cf848a717166eb7a06d616e,7,-0.17816496746880667,57.14285714285714,4.142857142857143
712e6ed8aa4aa1fa65dab41fed5737e4,10,-0.17712435126304626,60.0,3.6
972d0f9cf61b499a4812cf0bfa3ad3c4,7,-0.16390648909977504,57.14285714285714,2.857142857142857
36a968b544695394e4e9d7572688598f,7,-0.14589969600949967,57.14285714285714,3.7142857142857144
744dac408745240a2c2528fb1b6028f3,5,-0.13999276161193847,60.0,4.6
634964b17796e64304cadf1ad3050fb7,21,-0.1370662081809271,57.14285714285714,3.9523809523809526
37be5a7c751166fbc5f8ccba4119e043,20,-0.13437720239162446,55.00000000000001,4.5
7ddcbb64b5bc1ef36ca8c151f6ec77df,19,-0.11392293792021901,57.89473684210527,4.315789473684211
643214e62b870443ccbe55ab29a4dccf,5,-0.1097298264503479,60.0,4.6
b1fc4f64df5a0e8b6913ab38803c57a9,7,-0.10013782978057861,57.14285714285714,3.0
7b07b3c7487f0ea825fc6df75abd658b,7,-0.07453083992004395,57.14285714285714,4.0
08633c14ef2db992c11f840f04fad4cd,6,-0.06804592410723369,50.0,4.666666666666667
1e8b33f18b4f7598d87f5cbee2282cc2,10,-0.04728705883026123,50.0,4.8
1c129092bf23f28a5930387c980c0dfc,17,-0.04335769485024845,52.94117647058824,4.470588235294118
8a432f4e5b471f8da497d7dc517666e2,6,-0.042824755112330117,50.0,4.0
0be8ff43f22e456b4e0371b2245e4d01,8,-0.04202881455421448,50.0,4.5
dee656f0f566ed1aa85bd137c943f08f,10,-0.03735569715499878,50.0,4.2
2e90cb1677d35cfe24eef47d441b7c87,8,-0.03681064397096634,50.0,4.75
cab85505710c7cb9b720bceb52b01cee,8,-0.01875416189432144,50.0,4.0
850f4f8af5ea87287ac68de36e29107f,13,-0.0037410213397099422,46.15384615384615,4.230769230769231
ce7d1888639e6fb06b2749cbfdac1ff7,6,-0.0014376242955525715,50.0,2.8333333333333335
282f23a9769b2690c5dda22e316f9941,11,0.02243607152592052,45.45454545454545,4.090909090909091
e59aa562b9f8076dd550fcddf0e73491,7,0.025174515587942942,42.857142857142854,4.285714285714286
a673821011d0cec28146ea42f5ab767f,6,0.032821049292882286,50.0,3.0
cfb1a033743668a192316f3c6d1d2671,10,0.07179768085479736,50.0,4.4
4a3ccda38b2129705f3fb522db62ca31,13,0.08128535289030808,46.15384615384615,3.3076923076923075
aaed1309374718fdd995ee4c58c9dfcd,9,0.08954103125466241,44.44444444444444,4.444444444444445
8e6cc767478edae941d9bd9eb778d77a,5,0.09163281917572022,40.0,3.6
42b729f859728f5079499127a9c2ef37,9,0.10919336477915446,44.44444444444444,4.777777777777778
4b9750c8ad28220fe6702d4ecb7c898f,7,0.1436797891344343,42.857142857142854,4.142857142857143
8bb48dc19fccaa8613b6229bf7f452a2,8,0.15132979303598404,37.5,4.875
e24fc9fcd865784fb25705606fe3dfe7,5,0.16146011352539064,40.0,4.2
2745f798279e0ed033addcc1474776d7,5,0.20426783561706544,40.0,5.0
6b243f80ed07b10f0e8aa0f21a205f3c,5,0.2561719059944153,40.0,3.8
aac29b1b99776be73c3049939652091d,9,0.2891618741883172,22.22222222222222,4.666666666666667
8cbac7e12637ed9cffa18c7875207478,6,0.29061655203501385,33.33333333333333,3.6666666666666665
b18dc380845b24038cfc48006478f099,9,0.3153154320187039,33.33333333333333,1.7777777777777777
0b35c634521043bf4b47e21547b99ab5,10,0.38456976413726807,30.0,4.2
c8b0e2b0a7095e5d8219575d5e7e1181,7,0.5169155086789813,14.285714285714285,4.428571428571429
3d8fa2f5b647373c8620330c4e077a9f,5,0.5397628307342529,20.0,4.0
78c99c6dff4eeae5be99bf635ed21e3f,6,0.5895928541819254,16.666666666666664,5.0
082e0bf4cb865a6533b1e8e498cc0255,7,0.7038231832640511,14.285714285714285,3.0
334cab711dee080b079fa5779b584783,5,0.9781002998352051,0.0,5.0
99a54764c341d5dc80b4a8fac4eba3fb,7,0.9928392257009234,0.0,3.2857142857142856
